--
-- PostgreSQL database dump
--

-- Dumped from database version 13.6 (Ubuntu 13.6-1.pgdg20.04+1+b1)
-- Dumped by pg_dump version 13.6 (Ubuntu 13.6-1.pgdg20.04+1+b1)

SET statement_timeout = 0;
SET lock_timeout = 0;
SET idle_in_transaction_session_timeout = 0;
SET client_encoding = 'UTF8';
SET standard_conforming_strings = on;
SELECT pg_catalog.set_config('search_path', '', false);
SET check_function_bodies = false;
SET xmloption = content;
SET client_min_messages = warning;
SET row_security = off;

--
-- Name: games_tsvector_trigger(); Type: FUNCTION; Schema: public; Owner: dprejs
--

CREATE FUNCTION public.games_tsvector_trigger() RETURNS trigger
    LANGUAGE plpgsql
    AS $$
begin
new.document :=
setweight(to_tsvector('english', coalesce(new.name, '')), 'A')
|| setweight(to_tsvector('english', coalesce(new.description, '')), 'B');
return new;
end
$$;


ALTER FUNCTION public.games_tsvector_trigger() OWNER TO dprejs;

SET default_tablespace = '';

SET default_table_access_method = heap;

--
-- Name: games; Type: TABLE; Schema: public; Owner: dprejs
--

CREATE TABLE public.games (
    id character varying NOT NULL,
    name character varying NOT NULL,
    description character varying,
    min_players integer,
    max_players integer,
    min_playtime integer,
    max_playtime integer,
    min_age integer,
    thumb_url character varying,
    image_url character varying,
    rules_url character varying,
    official_url character varying,
    year_published integer,
    document tsvector
);


ALTER TABLE public.games OWNER TO dprejs;

--
-- Name: libraries; Type: TABLE; Schema: public; Owner: dprejs
--

CREATE TABLE public.libraries (
    relation_id integer NOT NULL,
    uid character varying,
    game_id character varying
);


ALTER TABLE public.libraries OWNER TO dprejs;

--
-- Name: libraries_relation_id_seq; Type: SEQUENCE; Schema: public; Owner: dprejs
--

CREATE SEQUENCE public.libraries_relation_id_seq
    AS integer
    START WITH 1
    INCREMENT BY 1
    NO MINVALUE
    NO MAXVALUE
    CACHE 1;


ALTER TABLE public.libraries_relation_id_seq OWNER TO dprejs;

--
-- Name: libraries_relation_id_seq; Type: SEQUENCE OWNED BY; Schema: public; Owner: dprejs
--

ALTER SEQUENCE public.libraries_relation_id_seq OWNED BY public.libraries.relation_id;


--
-- Name: users; Type: TABLE; Schema: public; Owner: dprejs
--

CREATE TABLE public.users (
    uid character varying NOT NULL,
    username character varying NOT NULL
);


ALTER TABLE public.users OWNER TO dprejs;

--
-- Name: libraries relation_id; Type: DEFAULT; Schema: public; Owner: dprejs
--

ALTER TABLE ONLY public.libraries ALTER COLUMN relation_id SET DEFAULT nextval('public.libraries_relation_id_seq'::regclass);


--
-- Data for Name: games; Type: TABLE DATA; Schema: public; Owner: dprejs
--

COPY public.games (id, name, description, min_players, max_players, min_playtime, max_playtime, min_age, thumb_url, image_url, rules_url, official_url, year_published, document) FROM stdin;
OIXt3DmJU0	Catan	<p>The women and men of your expedition build the first two settlements. Fortunately, the land is rich in natural resources. You build roads and new settlements that eventually become cities. Will you succeed in gaining supremacy on Catan? Barter trade dominates the scene. Some resources you have in abundance, other resources are scarce. Ore for wool, brick for lumber - you trade according to what is needed for your current building projects. Proceed strategically! If you found your settlements in the right places and skillfully trade your resources, then the odds will be in your favor. But your opponents are smart too.</p>\r\n<p>To begin the game, we build the game board using hexagonal terrain tiles. Catan is born - a beautiful island with mountains, pastures, hills, fields, and forests, surrounded by the sea.</p>\r\n<p>Each of us places two small houses on spaces where three terrain hexes meet. They are our starting settlements.</p>\r\n<p>And so it begins. I roll two dice. An “11”! Each terrain hex is marked with a die roll number. Each player who owns a settlement adjacent to a terrain hex marked with the number rolled receives a resource produced by this hex. Hills produce brick, forests produce lumber, mountains produce ore, fields produce grain, and pastures produce wool.</p>\r\n<p>We use these resources to expand across Catan: we build roads and new settlements, or we upgrade our existing settlements to cities. For example, a road costs 1 brick and 1 lumber. If we do not have the necessary resources, we can acquire them by trading with our opponents.</p>\r\n<p>Each settlement is worth 1 victory point and each city is worth 2 victory points. If you expand cleverly, you may be the first player to reach 10 victory points and thus win the game!</p>	3	4	45	90	10	https://cdn.shopify.com/s/files/1/0513/4077/1515/products/catan-board-game.jpg?v=1609629082	https://s3-us-west-1.amazonaws.com/5cc.images/games/uploaded/1629324722072.jpg	https://www.catan.com/game/catan#prof-easy	https://www.catan.com/?utm_source=boardgameatlas.com&utm_medium=search&utm_campaign=bga_ads	1995	'1':238B,241B,264B '10':287B '11':161B '2':272B 'abund':50B 'accord':63B 'acquir':253B 'across':217B 'adjac':178B 'barter':40B 'beauti':120B 'becom':30B 'begin':104B,155B 'board':111B 'born':118B 'brick':58B,197B,239B 'build':9B,23B,71B,108B,220B 'catan':1A,39B,116B,218B 'citi':31B,232B,269B 'clever':278B 'cost':237B 'current':70B 'dice':159B 'die':169B 'domin':42B 'eventu':29B 'exampl':234B 'exist':229B 'expand':216B,277B 'expedit':8B 'favor':96B 'field':126B,204B 'first':11B,283B 'forest':128B,198B 'fortun':14B 'found':77B 'gain':36B 'game':106B,110B,294B 'grain':206B 'hex':145B,164B,182B,194B 'hexagon':113B 'hill':125B,195B 'hous':139B 'island':121B 'land':16B 'lumber':60B,200B,242B 'mark':166B,183B 'may':280B 'meet':146B 'men':5B 'mountain':123B,201B 'natur':20B 'necessari':249B 'need':67B 'new':26B,223B 'number':171B,186B 'odd':91B 'oppon':99B,259B 'ore':55B,203B 'own':175B 'pastur':124B,208B 'place':83B,136B 'player':173B,284B 'point':266B,274B,289B 'proceed':73B 'produc':191B,196B,199B,202B,205B,209B 'project':72B 'reach':286B 'receiv':188B 'resourc':21B,46B,52B,88B,190B,214B,250B 'rich':18B 'right':82B 'road':24B,221B,236B 'roll':157B,170B,187B 'scarc':54B 'scene':44B 'sea':132B 'settlement':13B,27B,79B,151B,177B,224B,230B,261B 'skill':85B 'small':138B 'smart':101B 'space':141B 'start':150B 'strateg':74B 'succeed':34B 'supremaci':37B 'surround':129B 'terrain':114B,144B,163B,181B 'three':143B 'thus':291B 'tile':115B 'trade':41B,62B,86B,256B 'two':12B,137B,158B 'upgrad':227B 'us':135B 'use':112B,212B 'victori':265B,273B,288B 'win':292B 'women':3B 'wool':57B,210B 'worth':263B,271B
3RVcHxhPEZ	Betrayal at House on the Hill	<p>The creak of footsteps on the stairs, the smell of something foul and dead, the feel of something crawling down your back - this and more can be found in <strong>Betrayal at House on the Hill</strong>. This fun and suspenseful game is a new experience almost every time you play - you and your friends explore ''that creepy old place on the hill'' until enough mystic misadventures happen that one of the players turns on all of the others!</p>\r\n<p>Features multiple scenarios, a different lay-out with every game, and enough chills to freeze the heart of any horror fan.</p>\r\n<p>Betrayal at House on the Hill is a tile game that allows players to build their own haunted house room by room, tile by tile, creating a new thrilling game board every time. The game is designed for three to six people, each of whom plays one of six possible characters.</p>\r\n<p>Secretly, one of the characters betrays the rest of the party, and the innocent members of the party must defeat the traitor in their midst before it’s too late! Betrayal at House on the Hill will appeal to any game player who enjoys a fun, suspenseful, and strategic game.</p>\r\n<p>Betrayal at House on the Hill includes detailed game pieces, including character cards, pre-painted plastic figures, and special tokens, all of which help create a spooky atmosphere and streamline game play.</p>\r\n<p>An updated reprint of Betrayal at House on the Hill was released on October 5, 2010.</p>	3	6	60	72	12	https://s3-us-west-1.amazonaws.com/5cc.images/games/uploaded/1595268779978	https://s3-us-west-1.amazonaws.com/5cc.images/games/uploaded/1595268779978	https://media.wizards.com/2018/downloads/rules/betrayal_rules.pdf	http://avalonhill.wizards.com/avalon-hill-betrayal-house-hill?utm_source=boardgameatlas.com&utm_medium=search&utm_campaign=bga_ads	2004	'2010':255B '5':254B 'allow':117B 'almost':51B 'appeal':194B 'atmospher':235B 'back':28B 'betray':1A,36B,106B,162B,187B,207B,244B 'board':136B 'build':120B 'card':219B 'charact':156B,161B,218B 'chill':97B 'crawl':25B 'creak':8B 'creat':131B,232B 'creepi':62B 'dead':20B 'defeat':176B 'design':142B 'detail':214B 'differ':88B 'enjoy':200B 'enough':69B,96B 'everi':52B,93B,137B 'experi':50B 'explor':60B 'fan':105B 'featur':84B 'feel':22B 'figur':224B 'footstep':10B 'foul':18B 'found':34B 'freez':99B 'friend':59B 'fun':43B,202B 'game':46B,94B,115B,135B,140B,197B,206B,215B,238B 'happen':72B 'haunt':123B 'heart':101B 'help':231B 'hill':6A,41B,67B,111B,192B,212B,249B 'horror':104B 'hous':3A,38B,108B,124B,189B,209B,246B 'includ':213B,217B 'innoc':170B 'late':186B 'lay':90B 'lay-out':89B 'member':171B 'midst':181B 'misadventur':71B 'multipl':85B 'must':175B 'mystic':70B 'new':49B,133B 'octob':253B 'old':63B 'one':74B,152B,158B 'other':83B 'paint':222B 'parti':167B,174B 'peopl':147B 'piec':216B 'place':64B 'plastic':223B 'play':55B,151B,239B 'player':77B,118B,198B 'possibl':155B 'pre':221B 'pre-paint':220B 'releas':251B 'reprint':242B 'rest':164B 'room':125B,127B 'scenario':86B 'secret':157B 'six':146B,154B 'smell':15B 'someth':17B,24B 'special':226B 'spooki':234B 'stair':13B 'strateg':205B 'streamlin':237B 'suspens':45B,203B 'three':144B 'thrill':134B 'tile':114B,128B,130B 'time':53B,138B 'token':227B 'traitor':178B 'turn':78B 'updat':241B
86z8YMWVTv	Stardew Valley: The Board Game	<p><em>Stardew Valley: The Board Game </em>is for 1 to 4 players, ages 13 and up. To play through a full year in the game (which is the standard experience) it takes about 45 minutes per player. This can be adjusted if you want a shorter game. The game has a lot to it but there are rules to make it easier or harder depending on your preferences. Just like the video game, we want you to be able to make this your own.</p>\r\n<p> </p>\r\n<p>Players work together to protect the Valley. If they succeed, it means that the Valley is brought back to life, and Joja Corporation is driven from town. The way you do this is by completing Grandpa’s Goals and restoring the Community Center. Your goals for each game are randomized, which adds to the game’s replayability.</p>\r\n<p>Time is tracked using the Season Deck. Each round a Season card is drawn. This tracks the weeks of the year, revealing weather and different kinds of events. Players discuss their plans for the round and place their pawn in the part of the Valley they want to focus on. Maybe they want to visit the Mine or fish at the Beach, or maybe they spend their time watering crops or tending animals. It’s up to the group to try and work together to coordinate their actions, but ultimately each player chooses what they want to do.</p>\r\n<p>As you play, you’ll advance your starting tool, gain new profession skills, find items and gather resources. Making friends will unlock unique gifts and reveal the Community Center Bundles. Completing the goals may at first seem very difficult, but as your abilities grow your farm will become more and more capable. Don’t give up!</p>\r\n<p>(Description from Publisher)</p>	1	4	45	180	13	https://s3-us-west-1.amazonaws.com/5cc.images/games/uploaded/1614122219205	https://s3-us-west-1.amazonaws.com/5cc.images/games/uploaded/1614122219205	https://www.dropbox.com/s/n3x4p8nw2yr1a3j/Stardew%20Rules%20for%20Download.pdf?dl=0	https://www.stardewvalley.net/stardew-valley-the-board-game-available-now/?utm_source=boardgameatlas.com&utm_medium=search&utm_campaign=bga_ads	2021	'1':13B '13':18B '4':15B '45':38B 'abil':286B 'abl':83B 'action':233B 'add':140B 'adjust':45B 'advanc':249B 'age':17B 'anim':218B 'back':106B 'beach':207B 'becom':291B 'board':4A,9B 'brought':105B 'bundl':273B 'capabl':295B 'card':157B 'center':131B,272B 'choos':238B 'communiti':130B,271B 'complet':123B,274B 'coordin':231B 'corpor':111B 'crop':215B 'deck':152B 'depend':69B 'descript':300B 'differ':170B 'difficult':282B 'discuss':175B 'drawn':159B 'driven':113B 'easier':66B 'event':173B 'experi':34B 'farm':289B 'find':257B 'first':279B 'fish':204B 'focus':194B 'friend':263B 'full':25B 'gain':253B 'game':5A,10B,29B,51B,53B,77B,136B,143B 'gather':260B 'gift':267B 'give':298B 'goal':126B,133B,276B 'grandpa':124B 'group':224B 'grow':287B 'harder':68B 'item':258B 'joja':110B 'kind':171B 'life':108B 'like':74B 'll':248B 'lot':56B 'make':64B,85B,262B 'may':277B 'mayb':196B,209B 'mean':100B 'mine':202B 'minut':39B 'new':254B 'part':187B 'pawn':184B 'per':40B 'place':182B 'plan':177B 'play':22B,246B 'player':16B,41B,89B,174B,237B 'prefer':72B 'profess':255B 'protect':93B 'publish':302B 'random':138B 'replay':145B 'resourc':261B 'restor':128B 'reveal':167B,269B 'round':154B,180B 'rule':62B 'season':151B,156B 'seem':280B 'shorter':50B 'skill':256B 'spend':211B 'standard':33B 'stardew':1A,6B 'start':251B 'succeed':98B 'take':36B 'tend':217B 'time':146B,213B 'togeth':91B,229B 'tool':252B 'town':115B 'track':148B,161B 'tri':226B 'ultim':235B 'uniqu':266B 'unlock':265B 'use':149B 'valley':2A,7B,95B,103B,190B 'video':76B 'visit':200B 'want':48B,79B,192B,198B,241B 'water':214B 'way':117B 'weather':168B 'week':163B 'work':90B,228B 'year':26B,166B
b2lCwxwEss	Betrayal at House on the Hill: Widow's Walk	<p>The house on the hill has a wicked reputation. Those who dare to darken its door often leave steeped in madness and despair-if they leave at all.<br /><br />Now the horror reaches new heights with Widow's Walk-the first-ever expansion for the critically acclaimed board game Betrayal at House on the Hill. The house is expanded with the addition of 20 new rooms, including the roof, a previously unexplored floor. Also in its halls you will find new monsters, items, omens, events, and 50 brand-new haunts, penned by lead developer Mike Selinker's all-star cast of contributors from the world of gaming and entertainment. In Widow's Walk, terror and panic are taken to a whole new level.<br /><br />Enter if you dare. Exit if you can.<br /><br /><strong>Players must have the Betrayal at House on the Hill board game to use this expansion.</strong></p>	3	6	60	75	12	https://s3-us-west-1.amazonaws.com/5cc.images/games/uploaded/1559253942244-51q4cHdVMQL.jpg	https://s3-us-west-1.amazonaws.com/5cc.images/games/uploaded/1559253942244-51q4cHdVMQL.jpg	\N	\N	2016	'20':75B '50':98B 'acclaim':58B 'addit':73B 'all-star':110B 'also':85B 'betray':1A,61B,149B 'board':59B,155B 'brand':100B 'brand-new':99B 'cast':113B 'contributor':115B 'critic':57B 'dare':21B,140B 'darken':23B 'despair':33B 'despair-if':32B 'develop':106B 'door':25B 'enter':137B 'entertain':122B 'event':96B 'ever':53B 'exit':141B 'expand':70B 'expans':54B,160B 'find':91B 'first':52B 'first-ev':51B 'floor':84B 'game':60B,120B,156B 'hall':88B 'haunt':102B 'height':44B 'hill':6A,14B,66B,154B 'horror':41B 'hous':3A,11B,63B,68B,151B 'includ':78B 'item':94B 'lead':105B 'leav':27B,36B 'level':136B 'mad':30B 'mike':107B 'monster':93B 'must':146B 'new':43B,76B,92B,101B,135B 'often':26B 'omen':95B 'panic':129B 'pen':103B 'player':145B 'previous':82B 'reach':42B 'reput':18B 'roof':80B 'room':77B 'selink':108B 'star':112B 'steep':28B 'taken':131B 'terror':127B 'unexplor':83B 'use':158B 'walk':9A,49B,126B 'walk-th':48B 'whole':134B 'wick':17B 'widow':7A,46B,124B 'world':118B
fYY1AyfjA9	Unmatched: Battle of Legends, Volume One	<p><strong>Unmatched</strong> is a fast-paced game of tactical combat between unlikely opponents. Pick your favorite hero, choose a location, and use your hero's unique deck and abilities to win the day. You can mix up heroes and maps from any set. Features the innovative art of Oliver Barrett.</p>\r\n<p><strong>Battle of Legends, Volume One</strong> include four legendary heroes, each with a unique hook: King Arthur can sacrifice cards to pump up his attacks. Alice gets big or small, changing her attack and defense. Medusa can strike from range and kill with a single glance. Sinbad dances around the battlefield, getting stronger as the game goes on.</p>\r\n<p><strong>Contents:</strong></p>\r\n<ul>\r\n<li>1 double-sided game board</li>\r\n<li>4 hero figures</li>\r\n<li>6 printed sidekick tokens</li>\r\n<li>7 custom health dials</li>\r\n<li>124 cards</li>\r\n<li>1 Alice big/small token</li>\r\n<li>1 Rulebook</li>\r\n</ul>	2	4	20	40	9	https://s3-us-west-1.amazonaws.com/5cc.images/games/uploaded/1597504758972	https://s3-us-west-1.amazonaws.com/5cc.images/games/uploaded/1597504758972	\N	https://restorationgames.com/unmatched/?utm_source=boardgameatlas.com&utm_medium=search&utm_campaign=bga_ads	2019	'1':115B,134B,138B '124':132B '4':121B '6':124B '7':128B 'abil':35B 'alic':81B,135B 'around':104B 'art':53B 'arthur':72B 'attack':80B,88B 'barrett':56B 'battl':2A,57B 'battlefield':106B 'big':83B 'big/small':136B 'board':120B 'card':75B,133B 'chang':86B 'choos':24B 'combat':16B 'content':114B 'custom':129B 'danc':103B 'day':39B 'deck':33B 'defens':90B 'dial':131B 'doubl':117B 'double-sid':116B 'fast':11B 'fast-pac':10B 'favorit':22B 'featur':50B 'figur':123B 'four':63B 'game':13B,111B,119B 'get':82B,107B 'glanc':101B 'goe':112B 'health':130B 'hero':23B,30B,44B,65B,122B 'hook':70B 'includ':62B 'innov':52B 'kill':97B 'king':71B 'legend':4A,59B 'legendari':64B 'locat':26B 'map':46B 'medusa':91B 'mix':42B 'oliv':55B 'one':6A,61B 'oppon':19B 'pace':12B 'pick':20B 'print':125B 'pump':77B 'rang':95B 'rulebook':139B 'sacrific':74B 'set':49B 'side':118B 'sidekick':126B 'sinbad':102B 'singl':100B 'small':85B 'strike':93B 'stronger':108B 'tactic':15B 'token':127B,137B 'uniqu':32B,69B 'unlik':18B 'unmatch':1A,7B 'use':28B 'volum':5A,60B 'win':37B
xFTUYTIgPV	Unmatched: Cobble & Fog	<p><em><strong>Unmatched: Cobble &amp; Fog</strong></em> features four new heroes for the <em>Unmatched</em> system. Invisible Man uses fog to dart around the board and strike without warning. Sherlock, with the trusty Watson by his side, schemes and calculates to ensure victory. Dracula and the sisters slowly drain you of your power. Jekyll &amp; Hyde uses the former's cunning and the latter's brute strength to win the day.</p>\r\n<p><em>Unmatched</em> is a highly asymmetrical miniature fighting game for two or four players. Each hero is represented by a unique deck designed to evoke their style and legend. Tactical movement and no-luck combat resolution create a unique play experience that rewards expertise, but just when you've mastered one set, new heroes arrive to provide all new match-ups.</p>	2	4	20	40	9	https://s3-us-west-1.amazonaws.com/5cc.images/games/uploaded/1599948491974	https://s3-us-west-1.amazonaws.com/5cc.images/games/uploaded/1599948491974	\N	\N	2020	'around':21B 'arriv':123B 'asymmetr':73B 'board':23B 'brute':63B 'calcul':38B 'cobbl':2A,5B 'combat':103B 'creat':105B 'cun':58B 'dart':20B 'day':68B 'deck':89B 'design':90B 'dracula':42B 'drain':47B 'ensur':40B 'evok':92B 'experi':109B 'expertis':112B 'featur':7B 'fight':75B 'fog':3A,6B,18B 'former':56B 'four':8B,80B 'game':76B 'hero':10B,83B,122B 'high':72B 'hyde':53B 'invis':15B 'jekyl':52B 'latter':61B 'legend':96B 'luck':102B 'man':16B 'master':118B 'match':129B 'match-up':128B 'miniatur':74B 'movement':98B 'new':9B,121B,127B 'no-luck':100B 'one':119B 'play':108B 'player':81B 'power':51B 'provid':125B 'repres':85B 'resolut':104B 'reward':111B 'scheme':36B 'set':120B 'sherlock':28B 'side':35B 'sister':45B 'slowli':46B 'strength':64B 'strike':25B 'style':94B 'system':14B 'tactic':97B 'trusti':31B 'two':78B 'uniqu':88B,107B 'unmatch':1A,4B,13B,69B 'up':130B 'use':17B,54B 've':117B 'victori':41B 'warn':27B 'watson':32B 'win':66B 'without':26B
4c6k4Jh4j3	Unmatched: Robin Hood vs. Bigfoot	<div>\n\n<div>\n<p>In battle, there are no equals.</p>\n<p><em><strong>Unmatched</strong></em> is a highly asymmetrical miniature fighting game for two or four players. (Note that this set is solely for two players, but it can be combined with other sets, which all serve up to four players.) Each hero is represented by a unique deck designed to evoke their style and legend. Tactical movement and no-luck combat resolution create a unique play experience that rewards expertise, but just when you've mastered one set, new heroes arrive to provide all new match-ups.</p>\n<p><em><strong>Robin Hood vs. Bigfoot</strong></em> features the titular heroes. Robin Hood and his outlaws excel at ranged attacks and robbing from their opponents. Bigfoot and his pal, the Jackalope, crash through the forest for quick attacks before disappearing like a figment of the mind.</p>\n<p>Combat is resolved quickly by comparing attack and defense cards. However, each card's unique effects and a simple but deep timing system lead to interesting decisions each time. The game also features an updated version of the line-of-sight system from <em>Tannhauser</em> for ranged attacks and area effects.</p>\n<p>The game includes a double-sided board with two different battlefields, pre-washed miniatures for each hero, and custom life trackers that's brought to life with the stunning artwork of Oliver Barrett and the combined design teams of Restoration Games and Mondo Games.</p>\n</div>\n\n</div>	2	2	20	20	9	https://s3-us-west-1.amazonaws.com/5cc.images/games/uploaded/1560958477296	https://s3-us-west-1.amazonaws.com/5cc.images/games/uploaded/1560958477296	\N	\N	2019	'also':172B 'area':190B 'arriv':90B 'artwork':223B 'asymmetr':16B 'attack':114B,132B,147B,188B 'barrett':226B 'battl':7B 'battlefield':203B 'bigfoot':5A,101B,120B 'board':199B 'brought':217B 'card':150B,153B 'combat':70B,141B 'combin':38B,229B 'compar':146B 'crash':126B 'creat':72B 'custom':212B 'decis':167B 'deck':56B 'deep':161B 'defens':149B 'design':57B,230B 'differ':202B 'disappear':134B 'doubl':197B 'double-sid':196B 'effect':156B,191B 'equal':11B 'evok':59B 'excel':111B 'experi':76B 'expertis':79B 'featur':102B,173B 'fight':18B 'figment':137B 'forest':129B 'four':23B,47B 'game':19B,171B,193B,234B,237B 'hero':50B,89B,105B,210B 'high':15B 'hood':3A,99B,107B 'howev':151B 'includ':194B 'interest':166B 'jackalop':125B 'lead':164B 'legend':63B 'life':213B,219B 'like':135B 'line':180B 'line-of-sight':179B 'luck':69B 'master':85B 'match':96B 'match-up':95B 'mind':140B 'miniatur':17B,207B 'mondo':236B 'movement':65B 'new':88B,94B 'no-luck':67B 'note':25B 'oliv':225B 'one':86B 'oppon':119B 'outlaw':110B 'pal':123B 'play':75B 'player':24B,33B,48B 'pre':205B 'pre-wash':204B 'provid':92B 'quick':131B,144B 'rang':113B,187B 'repres':52B 'resolut':71B 'resolv':143B 'restor':233B 'reward':78B 'rob':116B 'robin':2A,98B,106B 'serv':44B 'set':28B,41B,87B 'side':198B 'sight':182B 'simpl':159B 'sole':30B 'stun':222B 'style':61B 'system':163B,183B 'tactic':64B 'tannhaus':185B 'team':231B 'time':162B,169B 'titular':104B 'tracker':214B 'two':21B,32B,201B 'uniqu':55B,74B,155B 'unmatch':1A,12B 'up':97B 'updat':175B 've':84B 'version':176B 'vs':4A,100B 'wash':206B
XGhPub5S4d	Unmatched: Jurassic Park - Ingen vs. Raptors	<p>In battle, there are no equals.</p>\r\n<p>&quot;They show extreme intelligence, even problem-solving intelligence. Especially the big one.&quot; He has hunted many a dangerous predator, but against a pack of raptors, is Robert Muldoon the hunter or the hunted? In <em>Unmatched: Jurassic Park – InGen vs Raptors</em>, these clever girls use their speed and agility to surround their prey, getting stronger when they attack together. InGen's Game Warden and his Security Team lay traps to slow their opponent down and attack from range in a matchup 65 million years in the making.</p>\r\n<p><em><strong>Unmatched</strong></em> is a highly asymmetrical miniature fighting game for two or four players. Each hero is represented by a unique deck designed to evoke their style and legend. Tactical movement and no-luck combat resolution create a unique play experience that rewards expertise, but just when you've mastered one set, new heroes arrive to provide all new match-ups.</p>	2	2	20	40	9	https://s3-us-west-1.amazonaws.com/5cc.images/games/uploaded/1571766225436	https://s3-us-west-1.amazonaws.com/5cc.images/games/uploaded/1571766225436	\N	\N	2020	'65':94B 'agil':61B 'arriv':154B 'asymmetr':104B 'attack':70B,88B 'battl':8B 'big':24B 'clever':55B 'combat':134B 'creat':136B 'danger':31B 'deck':120B 'design':121B 'equal':12B 'especi':22B 'even':17B 'evok':123B 'experi':140B 'expertis':143B 'extrem':15B 'fight':106B 'four':111B 'game':74B,107B 'get':66B 'girl':56B 'hero':114B,153B 'high':103B 'hunt':28B,46B 'hunter':43B 'ingen':4A,51B,72B 'intellig':16B,21B 'jurass':2A,49B 'lay':80B 'legend':127B 'luck':133B 'make':99B 'mani':29B 'master':149B 'match':160B 'match-up':159B 'matchup':93B 'million':95B 'miniatur':105B 'movement':129B 'muldoon':41B 'new':152B,158B 'no-luck':131B 'one':25B,150B 'oppon':85B 'pack':36B 'park':3A,50B 'play':139B 'player':112B 'predat':32B 'prey':65B 'problem':19B 'problem-solv':18B 'provid':156B 'rang':90B 'raptor':6A,38B,53B 'repres':116B 'resolut':135B 'reward':142B 'robert':40B 'secur':78B 'set':151B 'show':14B 'slow':83B 'solv':20B 'speed':59B 'stronger':67B 'style':125B 'surround':63B 'tactic':128B 'team':79B 'togeth':71B 'trap':81B 'two':109B 'uniqu':119B,138B 'unmatch':1A,48B,100B 'up':161B 'use':57B 've':148B 'vs':5A,52B 'warden':75B 'year':96B
AwX9QhWPDQ	Unmatched: Little Red Riding Hood vs. Beowulf	<p>Anyone. Anywhere. <em>Unmatched</em> is a fast-paced game of tactical combat between unlikely opponents. Pick your favorite hero, choose a map, and use your hero's unique deck and abilities to win the day.<br /><br />You can mix up heroes and maps from any <em>Unmatched</em> set. Face new challenges and find fresh combos. Dozens of possibilities await, and more with every new set.<br /><br />Once upon a time, Little Red Riding Hood went into the belly of the beast, and lived to tell her tale. With the help of her friend the Huntsman, she's ready to head back into the woods with a few terrible tricks tucked away in her basket.<br /><br />Every blow fills the War-King with rage. Soon you will learn why he was equal of Grendel. With his kinsman Wiglaf by his side, they are sure to win this fatal struggle.</p>	2	2	20	20	9	https://s3-us-west-1.amazonaws.com/5cc.images/games/uploaded/1622668820324	https://s3-us-west-1.amazonaws.com/5cc.images/games/uploaded/1622668820324	\N	\N	2020	'abil':38B 'anyon':8B 'anywher':9B 'await':64B 'away':115B 'back':105B 'basket':118B 'beast':85B 'belli':82B 'beowulf':7A 'blow':120B 'challeng':56B 'choos':27B 'combat':19B 'combo':60B 'day':42B 'deck':36B 'dozen':61B 'equal':135B 'everi':68B,119B 'face':54B 'fast':14B 'fast-pac':13B 'fatal':151B 'favorit':25B 'fill':121B 'find':58B 'fresh':59B 'friend':97B 'game':16B 'grendel':137B 'head':104B 'help':94B 'hero':26B,33B,47B 'hood':5A,78B 'huntsman':99B 'king':125B 'kinsman':140B 'learn':131B 'littl':2A,75B 'live':87B 'map':29B,49B 'mix':45B 'new':55B,69B 'oppon':22B 'pace':15B 'pick':23B 'possibl':63B 'rage':127B 'readi':102B 'red':3A,76B 'ride':4A,77B 'set':53B,70B 'side':144B 'soon':128B 'struggl':152B 'sure':147B 'tactic':18B 'tale':91B 'tell':89B 'terribl':112B 'time':74B 'trick':113B 'tuck':114B 'uniqu':35B 'unlik':21B 'unmatch':1A,10B,52B 'upon':72B 'use':31B 'vs':6A 'war':124B 'war-k':123B 'went':79B 'wiglaf':141B 'win':40B,149B 'wood':108B
AuBvbISHR6	Ticket to Ride	<p><strong>Ticket to Ride</strong> is a cross-country train adventure game. Players collect train cards that enable them to claim railway routes connecting cities throughout North America. The longer the routes, the more points they earn. Additional points come to those who can fulfill their Destination Tickets by connecting two distant cities, and to the player who builds the longest continuous railway. So climb aboard for some railroading fun and adventure. You've got a Ticket to Ride!<br /><br />October 2, 1900 -- it's 28 years to the day that noted London eccentric, Phileas Fogg accepted and then won a 20,000 bet that he could travel Around the World in 80 Days. Now at the dawn of the century some old friends have gathered to celebrate Fogg's impetuous and lucrative gamble -- and to propose a new wager of their own. The stakes: $1 million in a winner-takes-all competition. The objective: to see the most cities in North America -- in just 7 days. <br /><br />-Spiel Des Jahres 2004(German game of the year)<br />-As d'Or Cannes 2004 (French game of the year)<br />-Game of the year 2004 - Japan<br />-Game of the year 2004 - Sweden<br />-Game of the year 2004 - Finland<br />-Diana Jones Excellence in Gaming Award 2004<br />-Origins Award Winner - Best Board Game 2005<br />-Game of the year 2004 - Spain<br />-Parent's Choice Foundation Silver Medal 2004</p>	2	5	45	90	8	https://s3-us-west-1.amazonaws.com/5cc.images/games/uploaded/1629324738308.jpg	https://s3-us-west-1.amazonaws.com/5cc.images/games/uploaded/1629324738308.jpg	https://ncdn0.daysofwonder.com/tickettoride/en/img/tt_rules_2015_en.pdf	https://www.daysofwonder.com/tickettoride/en/?utm_source=boardgameatlas.com&utm_medium=search&utm_campaign=bga_ads	2004	'000':104B '1':147B '1900':84B '2':83B '20':103B '2004':173B,183B,193B,199B,205B,213B,225B,233B '2005':220B '28':87B '7':168B '80':114B 'aboard':68B 'accept':98B 'addit':40B 'adventur':13B,74B 'america':30B,165B 'around':110B 'award':212B,215B 'best':217B 'bet':105B 'board':218B 'build':61B 'cann':182B 'card':18B 'celebr':129B 'centuri':122B 'choic':229B 'citi':27B,55B,162B 'claim':23B 'climb':67B 'collect':16B 'come':42B 'competit':155B 'connect':26B,52B 'continu':64B 'could':108B 'countri':11B 'cross':10B 'cross-countri':9B 'd':180B 'dawn':119B 'day':91B,115B,169B 'des':171B 'destin':49B 'diana':207B 'distant':54B 'earn':39B 'eccentr':95B 'enabl':20B 'excel':209B 'finland':206B 'fogg':97B,130B 'foundat':230B 'french':184B 'friend':125B 'fulfil':47B 'fun':72B 'gambl':135B 'game':14B,175B,185B,189B,195B,201B,211B,219B,221B 'gather':127B 'german':174B 'got':77B 'impetu':132B 'jahr':172B 'japan':194B 'jone':208B 'london':94B 'longer':32B 'longest':63B 'lucrat':134B 'medal':232B 'million':148B 'new':140B 'north':29B,164B 'note':93B 'object':157B 'octob':82B 'old':124B 'origin':214B 'parent':227B 'philea':96B 'player':15B,59B 'point':37B,41B 'propos':138B 'railroad':71B 'railway':24B,65B 'ride':3A,6B,81B 'rout':25B,34B 'see':159B 'silver':231B 'spain':226B 'spiel':170B 'stake':146B 'sweden':200B 'take':153B 'throughout':28B 'ticket':1A,4B,50B,79B 'train':12B,17B 'travel':109B 'two':53B 've':76B 'wager':141B 'winner':152B,216B 'winner-takes-al':151B 'won':101B 'world':112B 'year':88B,178B,188B,192B,198B,204B,224B
yqR4PtpO8X	Scythe	<p><em>Scythe</em> gives players almost complete control over their fate. Other than each player's individual hidden objective card, the only elements of luck or variability are &quot;Encounter&quot; cards that players will draw as they interact with the citizens of newly explored lands. Each encounter card provides the player with several options, allowing them to mitigate the luck of the draw through their selection. Combat is also driven by choices, not luck or randomness.<br /><br /><em>Scythe</em> uses a streamlined action-selection mechanism (no rounds or phases) to keep gameplay moving at a brisk pace and reduce downtime between turns. While there is plenty of direct conflict for players who seek it, there is no player elimination.<br /><br />Every part of <em>Scythe</em> has an aspect of engine-building to it. Players can upgrade actions to become more efficient, build structures that improve their position on the map, enlist new recruits to enhance character abilities, activate mechs to deter opponents from invading, and expand their borders to reap greater types and quantities of resources. These engine-building aspects create a sense of momentum and progress throughout the game. The order in which players improve their engine adds to the unique feel of each game, even when playing one faction multiple times.</p>	1	5	90	120	14	https://cdn.shopify.com/s/files/1/0513/4077/1515/products/scythe-board-game.jpg?v=1611090922	https://cdn.shopify.com/s/files/1/0513/4077/1515/products/scythe-board-game.jpg?v=1611090922	https://app.box.com/s/rj3jrw0rab2uiz02up89kbant5g8ew1p	https://stonemaiergames.com/games/scythe/?utm_source=boardgameatlas.com&utm_medium=search&utm_campaign=bga_ads	2016	'abil':153B 'action':80B,133B 'action-select':79B 'activ':154B 'add':196B 'allow':53B 'almost':5B 'also':67B 'aspect':123B,177B 'becom':135B 'border':164B 'brisk':93B 'build':127B,138B,176B 'card':19B,29B,46B 'charact':152B 'choic':70B 'citizen':39B 'combat':65B 'complet':6B 'conflict':106B 'control':7B 'creat':178B 'deter':157B 'direct':105B 'downtim':97B 'draw':33B,61B 'driven':68B 'effici':137B 'element':22B 'elimin':116B 'encount':28B,45B 'engin':126B,175B,195B 'engine-build':125B,174B 'enhanc':151B 'enlist':147B 'even':204B 'everi':117B 'expand':162B 'explor':42B 'faction':208B 'fate':10B 'feel':200B 'game':187B,203B 'gameplay':89B 'give':3B 'greater':167B 'hidden':17B 'improv':141B,193B 'individu':16B 'interact':36B 'invad':160B 'keep':88B 'land':43B 'luck':24B,58B,72B 'map':146B 'mech':155B 'mechan':82B 'mitig':56B 'momentum':182B 'move':90B 'multipl':209B 'new':148B 'newli':41B 'object':18B 'one':207B 'oppon':158B 'option':52B 'order':189B 'pace':94B 'part':118B 'phase':86B 'play':206B 'player':4B,14B,31B,49B,108B,115B,130B,192B 'plenti':103B 'posit':143B 'progress':184B 'provid':47B 'quantiti':170B 'random':74B 'reap':166B 'recruit':149B 'reduc':96B 'resourc':172B 'round':84B 'scyth':1A,2B,75B,120B 'seek':110B 'select':64B,81B 'sens':180B 'sever':51B 'streamlin':78B 'structur':139B 'throughout':185B 'time':210B 'turn':99B 'type':168B 'uniqu':199B 'upgrad':132B 'use':76B 'variabl':26B
oGVgRSAKwX	Carcassonne	<p>Each game of <em>Carcassonne</em> reveals a unique environment as tiles form a landscape of cities, roads, fields, and monasteries. Claim these features with your followers to win the game.</p>\r\n<p><em>Carcassonne</em> is a tile placement game where players collectively construct the area around the medieval French city of Carcassonne while competing to place followers on various features and score the most points.</p>\r\n<p>First published in 2000, the game's accessible yet deep design has attracted a wide fan base and led to the development of numerous expansions (eg Rivers) and standalone titles in the <em>Carcassonne</em> line.</p>	2	5	30	45	7	https://cdn.shopify.com/s/files/1/0513/4077/1515/products/carcassonne-board-game.jpg?v=1609629064	https://cdn.shopify.com/s/files/1/0513/4077/1515/products/carcassonne-board-game.jpg?v=1609629064	https://images-cdn.zmangames.com/us-east-1/filer_public/d5/20/d5208d61-8583-478b-a06d-b49fc9cd7aaa/zm7810_carcassonne_rules.pdf	https://www.zmangames.com/en/products/carcassonne/?utm_source=boardgameatlas.com&utm_medium=search&utm_campaign=bga_ads	2000	'2000':66B 'access':70B 'area':42B 'around':43B 'attract':75B 'base':79B 'carcassonn':1A,5B,31B,49B,95B 'citi':16B,47B 'claim':21B 'collect':39B 'compet':51B 'construct':40B 'deep':72B 'design':73B 'develop':84B 'eg':88B 'environ':9B 'expans':87B 'fan':78B 'featur':23B,57B 'field':18B 'first':63B 'follow':26B,54B 'form':12B 'french':46B 'game':3B,30B,36B,68B 'landscap':14B 'led':81B 'line':96B 'mediev':45B 'monasteri':20B 'numer':86B 'place':53B 'placement':35B 'player':38B 'point':62B 'publish':64B 'reveal':6B 'river':89B 'road':17B 'score':59B 'standalon':91B 'tile':11B,34B 'titl':92B 'uniqu':8B 'various':56B 'wide':77B 'win':28B 'yet':71B
EvYzPCnCGG	Catan: 5-6 Player Extension	Now five to six players can explore and settle Catan! In the Catan: 5-6 Player Extension you control a group of settlers exploring and taming the uncharted lands of Catan. Embark on a quest to settle the rich island, competing against more opponents for added fun. ● Add 1-2 more friends or family without sacrificing ease of play. ● Add green and brown settlers and expand your island with 2 more harbors and 11 unique, new terrain tiles. This is NOT a complete game! It is only a game extension for 5-6 players. You need a Catan game (aka The Settlers of Catan) in order to play with this extension! Components ● 11 Hexagonal Regional Tiles ● 2 Frame Pieces with Harbors ● 2 All-Sea Frame Pieces ● 10 Wooden Settlements ● 8 Wooden Cities ● 30 Wooden Roads ● 25 Resource Cards ● 9 Development Cards ● 28 Number Tokens	5	6	60	90	10	https://s3-us-west-1.amazonaws.com/5cc.images/games/uploaded/1559254797611-51uLrWkNt0L.jpg	https://s3-us-west-1.amazonaws.com/5cc.images/games/uploaded/1559254797611-51uLrWkNt0L.jpg	https://www.catan.com/files/downloads/catan_5-6_5th_ed_rules_150303.pdf	https://www.catan.com/game/settlers-catan-extension-5-6-players?utm_source=boardgameatlas.com&utm_medium=search&utm_campaign=bga_ads	1996	'-2':55B '-6':3A,20B,98B '1':54B '10':133B '11':79B,118B '2':75B,122B,127B '25':142B '28':148B '30':139B '5':2A,19B,97B '8':136B '9':145B 'ad':51B 'add':53B,65B 'aka':105B 'all-sea':128B 'brown':68B 'card':144B,147B 'catan':1A,15B,18B,36B,103B,109B 'citi':138B 'compet':46B 'complet':88B 'compon':117B 'control':24B 'develop':146B 'eas':62B 'embark':37B 'expand':71B 'explor':12B,29B 'extens':5A,22B,95B,116B 'famili':59B 'five':7B 'frame':123B,131B 'friend':57B 'fun':52B 'game':89B,94B,104B 'green':66B 'group':26B 'harbor':77B,126B 'hexagon':119B 'island':45B,73B 'land':34B 'need':101B 'new':81B 'number':149B 'oppon':49B 'order':111B 'piec':124B,132B 'play':64B,113B 'player':4A,10B,21B,99B 'quest':40B 'region':120B 'resourc':143B 'rich':44B 'road':141B 'sacrif':61B 'sea':130B 'settl':14B,42B 'settlement':135B 'settler':28B,69B,107B 'six':9B 'tame':31B 'terrain':82B 'tile':83B,121B 'token':150B 'unchart':33B 'uniqu':80B 'without':60B 'wooden':134B,137B,140B
NoWy3nPYfj	Catan: Seafarers Expansion	<p>In Catan: Seafarers you control a group of bold seafaring settlers exploring and taming the wild, uncharted Isles of Catan. Each game brings you to new seas and new lands. You might even discover the precious gold fields (a very valuable new terrain).<br /><br />Every game is unique and full of fun!<br /><br />Embark on an epic quest to settle the home island, build ships, and chart nearby waters. Guide your brave seafarers to victory through cunning trades and wise development. Be first to create new sea lanes and settle the newly-discovered isles.<br /><br />The best strategy and a nice dash of luck decide who will be the undisputed ruler of the rich Isles of Catan!<br />Capture the adventure of seafaring, exploration, and trade.<br />Catan: Seafarers is a 3-4 player expansion for the best-selling Catan board game. Share some fun at sea!<br /><br />Components<br />60 Wooden Ships<br />1 Pirate Ship<br />6 Frame Pieces<br />19 Sea Hexes<br />11 Hexagonal Region Tiles<br />50 Catan Chits<br />10 Number Tokens<br />10 Harbor Tokens<br />1 Rulebook and Scenarios</p>	3	4	60	90	10	https://s3-us-west-1.amazonaws.com/5cc.images/games/uploaded/1559257503054-51u0777bL3L.jpg	https://s3-us-west-1.amazonaws.com/5cc.images/games/uploaded/1559257503054-51u0777bL3L.jpg	\N	\N	1997	'-4':132B '1':152B,174B '10':168B,171B '11':161B '19':158B '3':131B '50':165B '6':155B '60':149B 'adventur':121B 'best':98B,138B 'best-sel':137B 'board':141B 'bold':12B 'brave':73B 'bring':26B 'build':65B 'captur':119B 'catan':1A,5B,23B,118B,127B,140B,166B 'chart':68B 'chit':167B 'compon':148B 'control':8B 'creat':86B 'cun':78B 'dash':103B 'decid':106B 'develop':82B 'discov':37B,95B 'embark':55B 'epic':58B 'even':36B 'everi':47B 'expans':3A,134B 'explor':15B,124B 'field':41B 'first':84B 'frame':156B 'full':52B 'fun':54B,145B 'game':25B,48B,142B 'gold':40B 'group':10B 'guid':71B 'harbor':172B 'hex':160B 'hexagon':162B 'home':63B 'isl':21B,96B,116B 'island':64B 'land':33B 'lane':89B 'luck':105B 'might':35B 'nearbi':69B 'new':29B,32B,45B,87B 'newli':94B 'newly-discov':93B 'nice':102B 'number':169B 'piec':157B 'pirat':153B 'player':133B 'precious':39B 'quest':59B 'region':163B 'rich':115B 'rulebook':175B 'ruler':112B 'scenario':177B 'sea':30B,88B,147B,159B 'seafar':2A,6B,13B,74B,123B,128B 'sell':139B 'settl':61B,91B 'settler':14B 'share':143B 'ship':66B,151B,154B 'strategi':99B 'tame':17B 'terrain':46B 'tile':164B 'token':170B,173B 'trade':79B,126B 'unchart':20B 'undisput':111B 'uniqu':50B 'valuabl':44B 'victori':76B 'water':70B 'wild':19B 'wise':81B 'wooden':150B
Wp2pGHZHIO	Catan: Seafarers 5-6 Player Extension	<p>Now five to six players can sail into the wild, uncharted seas and explore and settle the many mysterious islands near Catan!<br /><br />Add one or two more opponents without sacrificing ease of play.<br /><br />Try one of 9 new scenarios! This rich extension adds even more drama to the award-winning game of seafaring, discovery, and trade.<br /><br />Settle islands, build ships, and chart the nearby waters.<br />Discover far-off mines and use your gold and resources to become the undisputed ruler of Catan!<br /><br />NOT a complete game! You need a Catan game (aka The Settlers of Catan), a Catan: 5-6 Player extension, and a Catan: Seafarers expansion in order to play with this game extension!<br /><br />Components<br />30 Wooden Ships<br />7 Sea Tiles<br />2 Gold Field Tiles<br />1 Desert Tile<br />2 Frame Pieces<br />2 Harbor Tokens<br />35 Catan Chits<br />9 Exciting New Scenarios<br />1 Rulebook</p>	5	6	60	90	10	https://s3-us-west-1.amazonaws.com/5cc.images/games/uploaded/1559254869479-51XMaRqBcJL.jpg	https://s3-us-west-1.amazonaws.com/5cc.images/games/uploaded/1559254869479-51XMaRqBcJL.jpg	\N	\N	1999	'-6':4A,108B '1':135B,151B '2':131B,138B,141B '30':125B '35':144B '5':3A,107B '7':128B '9':43B,147B 'add':29B,49B 'aka':100B 'award':56B 'award-win':55B 'becom':85B 'build':66B 'catan':1A,28B,90B,98B,104B,106B,113B,145B 'chart':69B 'chit':146B 'complet':93B 'compon':124B 'desert':136B 'discov':73B 'discoveri':61B 'drama':52B 'eas':37B 'even':50B 'excit':148B 'expans':115B 'explor':20B 'extens':6A,48B,110B,123B 'far':75B 'far-off':74B 'field':133B 'five':8B 'frame':139B 'game':58B,94B,99B,122B 'gold':81B,132B 'harbor':142B 'island':26B,65B 'mani':24B 'mine':77B 'mysteri':25B 'near':27B 'nearbi':71B 'need':96B 'new':44B,149B 'one':30B,41B 'oppon':34B 'order':117B 'piec':140B 'play':39B,119B 'player':5A,11B,109B 'resourc':83B 'rich':47B 'rulebook':152B 'ruler':88B 'sacrif':36B 'sail':13B 'scenario':45B,150B 'sea':18B,129B 'seafar':2A,60B,114B 'settl':22B,64B 'settler':102B 'ship':67B,127B 'six':10B 'tile':130B,134B,137B 'token':143B 'trade':63B 'tri':40B 'two':32B 'unchart':17B 'undisput':87B 'use':79B 'water':72B 'wild':16B 'win':57B 'without':35B 'wooden':126B
1ENGdMu2U6	Frag	<p><strong>Frag</strong> is a computer game without a computer, a first-person shooter on a tabletop. Move your fighter and frag your foes; draw cards for weapons, armor, and gadgets; move through the blood spatters to restore your own health! If you die, you respawn and come back shooting!</p>	2	6	30	30	10	https://s3-us-west-1.amazonaws.com/5cc.images/games/uploaded/1559257150225-514ckHgch8L.jpg	https://s3-us-west-1.amazonaws.com/5cc.images/games/uploaded/1559257150225-514ckHgch8L.jpg	\N	http://www.sjgames.com/frag/?utm_source=boardgameatlas.com&utm_medium=search&utm_campaign=bga_ads	2001	'armor':29B 'back':49B 'blood':35B 'card':26B 'come':48B 'comput':5B,9B 'die':44B 'draw':25B 'fighter':20B 'first':12B 'first-person':11B 'foe':24B 'frag':1A,2B,22B 'gadget':31B 'game':6B 'health':41B 'move':18B,32B 'person':13B 'respawn':46B 'restor':38B 'shoot':50B 'shooter':14B 'spatter':36B 'tabletop':17B 'weapon':28B 'without':7B
RDGmd1lXEW	Unmatched: Bruce Lee	<p><em>Bruce Lee</em> is a single-hero expansion to be used with any existing <em>Unmatched</em> full set. It includes a hero miniature, a health dial, and 31 cards.</p>	\N	\N	\N	\N	9	https://boardgamesupply.com.au/wp-content/uploads/2021/03/Unmatched-Bruce-Lee.png	https://boardgamesupply.com.au/wp-content/uploads/2021/03/Unmatched-Bruce-Lee.png	\N	\N	2019	'31':30B 'bruce':2A,4B 'card':31B 'dial':28B 'exist':17B 'expans':11B 'full':19B 'health':27B 'hero':10B,24B 'includ':22B 'lee':3A,5B 'miniatur':25B 'set':20B 'singl':9B 'single-hero':8B 'unmatch':1A,18B 'use':14B
R7SYLEG8nQ	Between Two Castles of Mad King Ludwig	<p>Between Two Castles of Mad King Ludwig is published by Stonemaier Games as part of a collaboration with Bezier Games.<br /><br />The king demands a castle! You are a world-renowned master builder who has been asked by the Mad King Ludwig to help design his castles. Projects of such significance require the expertise of more than one person, so for each assignment you are paired with another master builder to execute your grandiose plans. Will your planning and partnership skills be enough to design the most impressive castles in the world?<br /><br />Between Two Castles of Mad King Ludwig is a competitive tile-drafting game in which each tile is a room in a castle. You work together with the player on your left to design one castle, and with the player on your right on another castle. On each turn you select two tiles from your hand, reveal them, then work with your partners to place them.<br /><br />At the end of the game, each castle is scored. Your personal final score is the lower of the scores of the two castles you helped design, and the player with the highest final score wins the game. To win, you have to share your attention and your devotion between two castles.</p>	2	7	45	60	10	https://s3-us-west-1.amazonaws.com/5cc.images/games/uploaded/1540941292162	https://s3-us-west-1.amazonaws.com/5cc.images/games/uploaded/1540941292162	\N	https://stonemaiergames.com/games/between-two-castles/?utm_source=boardgameatlas.com&utm_medium=search&utm_campaign=bga_ads	2018	'anoth':75B,145B 'ask':44B 'assign':70B 'attent':212B 'bezier':26B 'builder':40B,77B 'castl':3A,10B,32B,54B,96B,102B,123B,136B,146B,174B,190B,218B 'collabor':24B 'competit':109B 'demand':30B 'design':52B,92B,134B,193B 'devot':215B 'draft':112B 'end':169B 'enough':90B 'execut':79B 'expertis':61B 'final':179B,200B 'game':19B,27B,113B,172B,204B 'grandios':81B 'hand':156B 'help':51B,192B 'highest':199B 'impress':95B 'king':6A,13B,29B,48B,105B 'left':132B 'lower':183B 'ludwig':7A,14B,49B,106B 'mad':5A,12B,47B,104B 'master':39B,76B 'one':65B,135B 'pair':73B 'part':21B 'partner':163B 'partnership':87B 'person':66B,178B 'place':165B 'plan':82B,85B 'player':129B,140B,196B 'project':55B 'publish':16B 'renown':38B 'requir':59B 'reveal':157B 'right':143B 'room':120B 'score':176B,180B,186B,201B 'select':151B 'share':210B 'signific':58B 'skill':88B 'stonemai':18B 'tile':111B,117B,153B 'tile-draft':110B 'togeth':126B 'turn':149B 'two':2A,9B,101B,152B,189B,217B 'win':202B,206B 'work':125B,160B 'world':37B,99B 'world-renown':36B
qQvjHSsH59	Spaceteam	<p>Spaceteam is a fast-paced, cooperative shouting card game where you work together to repair your malfunctioning spaceship. Coordination with your team is crucial as you try to escape an impending black hole. Success is seeming just out of reach as you encounter one complication after another. Your only hope is to work together with your Spaceteam to repair the ship before it's too late.<br /><br />The Spaceteam Card game was adapted from the award-winning indie smash-hit mobile game of the same name. Spaceteam launched on Kickstarter in October 2015, and raised almost $200,000 from 5,000 people in the first 30 days.<br /><br />*Friends Not Included<br /><br />&quot;5 minutes of frantic fun&quot; -GeekDad<br />&quot;A loud, crazy experience&quot; -Polygon<br />&quot;Spaceteam is gorgeous&quot; -Forbes</p>	3	6	5	5	10	https://s3-us-west-1.amazonaws.com/5cc.images/games/uploaded/1559257882479-410yrXo9vCL.jpg	https://s3-us-west-1.amazonaws.com/5cc.images/games/uploaded/1559257882479-410yrXo9vCL.jpg	\N	http://www.playspaceteam.com/?utm_source=boardgameatlas.com&utm_medium=search&utm_campaign=bga_ads	2015	'000':101B,104B '200':100B '2015':96B '30':109B '5':103B,114B 'adapt':74B 'almost':99B 'anoth':49B 'award':78B 'award-win':77B 'black':34B 'card':10B,71B 'complic':47B 'cooper':8B 'coordin':21B 'crazi':122B 'crucial':26B 'day':110B 'encount':45B 'escap':31B 'experi':123B 'fast':6B 'fast-pac':5B 'first':108B 'forb':128B 'frantic':117B 'friend':111B 'fun':118B 'game':11B,72B,85B 'geekdad':119B 'gorgeous':127B 'hit':83B 'hole':35B 'hope':52B 'impend':33B 'includ':113B 'indi':80B 'kickstart':93B 'late':68B 'launch':91B 'loud':121B 'malfunct':19B 'minut':115B 'mobil':84B 'name':89B 'octob':95B 'one':46B 'pace':7B 'peopl':105B 'polygon':124B 'rais':98B 'reach':42B 'repair':17B,61B 'seem':38B 'ship':63B 'shout':9B 'smash':82B 'smash-hit':81B 'spaceship':20B 'spaceteam':1A,2B,59B,70B,90B,125B 'success':36B 'team':24B 'togeth':15B,56B 'tri':29B 'win':79B 'work':14B,55B
Q5GDOZGb99	Spaceteam: NSFS Expansion		6	9	5	5	18	https://s3-us-west-1.amazonaws.com/5cc.images/games/uploaded/1547591001658	https://s3-us-west-1.amazonaws.com/5cc.images/games/uploaded/1547591001658	\N	http://www.playspaceteam.com/?utm_source=boardgameatlas.com&utm_medium=search&utm_campaign=bga_ads	2016	'expans':3A 'nsfs':2A 'spaceteam':1A
lRPOtUw1o4	Spaceteam: Triangulum Expansion		6	9	5	5	18	https://s3-us-west-1.amazonaws.com/5cc.images/games/uploaded/1548142691098	https://s3-us-west-1.amazonaws.com/5cc.images/games/uploaded/1548142691098	\N	\N	2016	'expans':3A 'spaceteam':1A 'triangulum':2A
UI0oxncplG	Scrabble	<p>The classic word-on-word showdown. Use your letters to score points and challenge your family and friends. A double or triple letter or word space will let you earn big points. It’s your word against theirs!</p>	2	4	90	90	10	https://s3-us-west-1.amazonaws.com/5cc.images/games/uploaded/1599599554926	https://s3-us-west-1.amazonaws.com/5cc.images/games/uploaded/1599599554926	https://scrabble.hasbro.com/en-us/rules	http://scrabble.hasbro.com?utm_source=boardgameatlas.com&utm_medium=search&utm_campaign=bga_ads	1948	'big':33B 'challeng':16B 'classic':3B 'doubl':22B 'earn':32B 'famili':18B 'friend':20B 'let':30B 'letter':11B,25B 'point':14B,34B 'score':13B 'scrabbl':1A 'showdown':8B 'space':28B 'tripl':24B 'use':9B 'word':5B,7B,27B,38B 'word-on-word':4B
WVgc4bUL8N	Clue	<p>The classic detective game! In <strong>Clue</strong>, players move from room to room in a mansion to solve the mystery of: who done it, with what, and where? Players are dealt character, weapon, and location cards after the top card from each card type is secretly placed in the confidential file in the middle of the board. Players must move to a room and then make an accusation against a character saying they did it in that room with a specific weapon. The player to the left must show one of any cards accused to the accuser if in that player's hand. Through deductive reasoning each player must figure out which character, weapon, and location are in the secret file. To do this, each player must uncover what cards are in other players hands by making more and more accusations. Once a player knows what cards the other players are holding, they will know what cards are in the secret file. A great game for those who enjoy reasoning and thinking things out.</p>	3	6	30	60	8	https://s3-us-west-1.amazonaws.com/5cc.images/games/uploaded/1600449593257	https://s3-us-west-1.amazonaws.com/5cc.images/games/uploaded/1600449593257	\N	\N	1949	'accus':68B,94B,97B,141B 'board':57B 'card':36B,40B,43B,93B,130B,147B,157B 'charact':32B,71B,113B 'classic':3B 'clue':1A,7B 'confidenti':50B 'dealt':31B 'deduct':105B 'detect':4B 'done':23B 'enjoy':169B 'figur':110B 'file':51B,121B,162B 'game':5B,165B 'great':164B 'hand':103B,135B 'hold':152B 'know':145B,155B 'left':87B 'locat':35B,116B 'make':66B,137B 'mansion':16B 'middl':54B 'move':9B,60B 'must':59B,88B,109B,127B 'mysteri':20B 'one':90B 'place':47B 'player':8B,29B,58B,84B,101B,108B,126B,134B,144B,150B 'reason':106B,170B 'room':11B,13B,63B,78B 'say':72B 'secret':46B,120B,161B 'show':89B 'solv':18B 'specif':81B 'thing':173B 'think':172B 'top':39B 'type':44B 'uncov':128B 'weapon':33B,82B,114B
dgZDurgbuY	Munchkin	<p>Go down in the dungeon. Kill everything you meet.<br /><br />Backstab your friends and steal their stuff. Grab the treasure and run.<br /><br />Admit it. You love it.<br /><br /><strong>Munchkin</strong> is the mega-hit card game about dungeon adventure . . . with none of that roleplaying stuff. You and your friends compete to kill monsters and grab magic items. And what magic items! Don the Horny Helmet and the Boots of Butt-Kicking. Wield the Staff of Napalm . . . or maybe the Chainsaw of Bloody Dismemberment. Start by slaughtering the Potted Plant and the Drooling Slime, and work your way up to the Plutonium Dragon . . .<br /><br />And it's illustrated by John Kovalic!<br /><br />Fast-playing and silly, Munchkin can reduce any roleplaying group to hysteria. And, while they're laughing, you can steal their stuff.</p>\r\n<p>The Deluxe Edition has a big gameboard to keep your cards in place, and twelve player standies with plastic stands that you move on the gameboard as you level up!</p>	2	6	60	72	13	https://s3-us-west-1.amazonaws.com/5cc.images/games/uploaded/1559255092866-51fY4GdN2jL.jpg	https://s3-us-west-1.amazonaws.com/5cc.images/games/uploaded/1559255092866-51fY4GdN2jL.jpg	http://www.worldofmunchkin.com/rules/munchkin_rules.pdf	http://www.worldofmunchkin.com/cardgame/?utm_source=boardgameatlas.com&utm_medium=search&utm_campaign=bga_ads	2001	'admit':23B 'adventur':38B 'backstab':11B 'big':138B 'bloodi':82B 'boot':67B 'butt':70B 'butt-kick':69B 'card':34B,143B 'chainsaw':80B 'compet':49B 'delux':134B 'dismember':83B 'dragon':102B 'drool':92B 'dungeon':6B,37B 'edit':135B 'everyth':8B 'fast':111B 'fast-play':110B 'friend':13B,48B 'game':35B 'gameboard':139B,158B 'go':2B 'grab':18B,54B 'group':120B 'helmet':64B 'hit':33B 'horni':63B 'hysteria':122B 'illustr':106B 'item':56B,60B 'john':108B 'keep':141B 'kick':71B 'kill':7B,51B 'koval':109B 'laugh':127B 'level':161B 'love':26B 'magic':55B,59B 'mayb':78B 'meet':10B 'mega':32B 'mega-hit':31B 'monster':52B 'move':155B 'munchkin':1A,28B,115B 'napalm':76B 'none':40B 'place':145B 'plant':89B 'plastic':151B 'play':112B 'player':148B 'plutonium':101B 'pot':88B 're':126B 'reduc':117B 'roleplay':43B,119B 'run':22B 'silli':114B 'slaughter':86B 'slime':93B 'staff':74B 'stand':152B 'standi':149B 'start':84B 'steal':15B,130B 'stuff':17B,44B,132B 'treasur':20B 'twelv':147B 'way':97B 'wield':72B 'work':95B
0sd39XHoO7	Saboteur	<p>You and your fellow dwarves are digging for gold in a maze of mining tunnels. But, beware! Some of the miners are saboteurs trying to foil your efforts and steal all your hard-earned gold! Now you must overcome cave-ins, broken lanterns, and busted pick-axes to find the mother lode!</p>	3	10	30	45	8	https://s3-us-west-1.amazonaws.com/5cc.images/games/uploaded/1622217502713	https://s3-us-west-1.amazonaws.com/5cc.images/games/uploaded/1622217502713	\N	\N	2004	'axe':51B 'bewar':18B 'broken':45B 'bust':48B 'cave':43B 'cave-in':42B 'dig':8B 'dwarv':6B 'earn':36B 'effort':29B 'fellow':5B 'find':53B 'foil':27B 'gold':10B,37B 'hard':35B 'hard-earn':34B 'in':44B 'lantern':46B 'lode':56B 'maze':13B 'mine':15B 'miner':22B 'mother':55B 'must':40B 'overcom':41B 'pick':50B 'pick-ax':49B 'saboteur':1A,24B 'steal':31B 'tri':25B 'tunnel':16B
\.


--
-- Data for Name: libraries; Type: TABLE DATA; Schema: public; Owner: dprejs
--

COPY public.libraries (relation_id, uid, game_id) FROM stdin;
6	MW8D7KQFZMbzmX41D0bJIXKDjbs2	86z8YMWVTv
8	MW8D7KQFZMbzmX41D0bJIXKDjbs2	OIXt3DmJU0
12	MW8D7KQFZMbzmX41D0bJIXKDjbs2	3RVcHxhPEZ
15	MW8D7KQFZMbzmX41D0bJIXKDjbs2	fYY1AyfjA9
16	MW8D7KQFZMbzmX41D0bJIXKDjbs2	xFTUYTIgPV
17	MW8D7KQFZMbzmX41D0bJIXKDjbs2	b2lCwxwEss
18	MW8D7KQFZMbzmX41D0bJIXKDjbs2	4c6k4Jh4j3
19	MW8D7KQFZMbzmX41D0bJIXKDjbs2	XGhPub5S4d
20	MW8D7KQFZMbzmX41D0bJIXKDjbs2	AwX9QhWPDQ
21	MW8D7KQFZMbzmX41D0bJIXKDjbs2	yqR4PtpO8X
22	MW8D7KQFZMbzmX41D0bJIXKDjbs2	oGVgRSAKwX
23	MW8D7KQFZMbzmX41D0bJIXKDjbs2	EvYzPCnCGG
24	MW8D7KQFZMbzmX41D0bJIXKDjbs2	NoWy3nPYfj
25	MW8D7KQFZMbzmX41D0bJIXKDjbs2	Wp2pGHZHIO
26	MW8D7KQFZMbzmX41D0bJIXKDjbs2	AuBvbISHR6
27	MW8D7KQFZMbzmX41D0bJIXKDjbs2	1ENGdMu2U6
28	WnvNvpO71saYVFqNS6iqj7hanW52	OIXt3DmJU0
29	WnvNvpO71saYVFqNS6iqj7hanW52	fYY1AyfjA9
30	WnvNvpO71saYVFqNS6iqj7hanW52	xFTUYTIgPV
31	WnvNvpO71saYVFqNS6iqj7hanW52	4c6k4Jh4j3
32	WnvNvpO71saYVFqNS6iqj7hanW52	XGhPub5S4d
33	WnvNvpO71saYVFqNS6iqj7hanW52	AwX9QhWPDQ
34	WnvNvpO71saYVFqNS6iqj7hanW52	RDGmd1lXEW
36	WnvNvpO71saYVFqNS6iqj7hanW52	86z8YMWVTv
37	WnvNvpO71saYVFqNS6iqj7hanW52	b2lCwxwEss
38	WnvNvpO71saYVFqNS6iqj7hanW52	AuBvbISHR6
39	WnvNvpO71saYVFqNS6iqj7hanW52	yqR4PtpO8X
40	WnvNvpO71saYVFqNS6iqj7hanW52	oGVgRSAKwX
41	WnvNvpO71saYVFqNS6iqj7hanW52	1ENGdMu2U6
42	WnvNvpO71saYVFqNS6iqj7hanW52	R7SYLEG8nQ
43	WnvNvpO71saYVFqNS6iqj7hanW52	qQvjHSsH59
44	WnvNvpO71saYVFqNS6iqj7hanW52	Q5GDOZGb99
45	WnvNvpO71saYVFqNS6iqj7hanW52	lRPOtUw1o4
46	WnvNvpO71saYVFqNS6iqj7hanW52	3RVcHxhPEZ
53	WnvNvpO71saYVFqNS6iqj7hanW52	0sd39XHoO7
54	WnvNvpO71saYVFqNS6iqj7hanW52	EvYzPCnCGG
55	WnvNvpO71saYVFqNS6iqj7hanW52	NoWy3nPYfj
56	WnvNvpO71saYVFqNS6iqj7hanW52	Wp2pGHZHIO
\.


--
-- Data for Name: users; Type: TABLE DATA; Schema: public; Owner: dprejs
--

COPY public.users (uid, username) FROM stdin;
MW8D7KQFZMbzmX41D0bJIXKDjbs2	Daniel Prejs
16uP00MWerQdbbCgcxsrlWCe6Fx1	Daniel Prejs
WnvNvpO71saYVFqNS6iqj7hanW52	dprejs
VI46BKQ8QnXnXb29SdIFVVO1bjm2	dan
\.


--
-- Name: libraries_relation_id_seq; Type: SEQUENCE SET; Schema: public; Owner: dprejs
--

SELECT pg_catalog.setval('public.libraries_relation_id_seq', 56, true);


--
-- Name: games games_name_key; Type: CONSTRAINT; Schema: public; Owner: dprejs
--

ALTER TABLE ONLY public.games
    ADD CONSTRAINT games_name_key UNIQUE (name);


--
-- Name: games games_pkey; Type: CONSTRAINT; Schema: public; Owner: dprejs
--

ALTER TABLE ONLY public.games
    ADD CONSTRAINT games_pkey PRIMARY KEY (id);


--
-- Name: libraries libraries_pkey; Type: CONSTRAINT; Schema: public; Owner: dprejs
--

ALTER TABLE ONLY public.libraries
    ADD CONSTRAINT libraries_pkey PRIMARY KEY (relation_id);


--
-- Name: users users_pkey; Type: CONSTRAINT; Schema: public; Owner: dprejs
--

ALTER TABLE ONLY public.users
    ADD CONSTRAINT users_pkey PRIMARY KEY (uid);


--
-- Name: games tsvectorupdate; Type: TRIGGER; Schema: public; Owner: dprejs
--

CREATE TRIGGER tsvectorupdate BEFORE INSERT OR UPDATE ON public.games FOR EACH ROW EXECUTE FUNCTION public.games_tsvector_trigger();


--
-- Name: libraries libraries_game_id_fkey; Type: FK CONSTRAINT; Schema: public; Owner: dprejs
--

ALTER TABLE ONLY public.libraries
    ADD CONSTRAINT libraries_game_id_fkey FOREIGN KEY (game_id) REFERENCES public.games(id);


--
-- Name: libraries libraries_uid_fkey; Type: FK CONSTRAINT; Schema: public; Owner: dprejs
--

ALTER TABLE ONLY public.libraries
    ADD CONSTRAINT libraries_uid_fkey FOREIGN KEY (uid) REFERENCES public.users(uid);


--
-- PostgreSQL database dump complete
--

