Title	# of Players	Best # of Player	Difficulty	Duration	Player Age (BGG community)	Type of Game	BGG Rating	Description	Notes
7 Wonders	2-7	4-5, 7	2.32/5	30 min	10+	Family, Strategy, Card Drafting	7.7	Draft cards to develop your ancient civilization and build its Wonder of the World.	
7 Wonders Babel	2-7	5, 7	2.66/5	45 min	10+	Strategy, Card Drafting	6.9	Help build the Tower of Babel to gain your just reward or pay the price if you don't.	
7 Wonders Duel x 2	2	2	2.22/5	30 min	10+	Strategy, Card Drafting	8.1	Science? Military? What will you draft to win this head-to-head version of 7 Wonders?	
7 Wonders Duel Pantheon									
A Feast For Odin									
A Game of Thrones the Board Game	3-6	6	3.73/5	120-240 min	14+	Strategy, Bluffing, political, fantasy	7.5	Make alliances—and break them!—as you strive to both unite and conquer Westeros.	
A Game of Thrones the Board Game - A Dance with Dragons expansion	6	6	3.37/5	180 min	14+	Strategy, Negotiation, Influence	7.9	The great Battles of Westeros now with alternate setup and new house cards. 	
A Game of Thrones the Board Game - A Feast for Crows expansion	4	4	3.4/5	120 min	14+	Strategy, Negotiation, Influence	7.9	The great Battles of Westeros now with House Arryn and Objective cards. 	
A Touch Of Evil: The Supernatural Horror Game (Revised Edition) 									
Above and Below	2-4	3	2.52/5	90 min	13+	Thematic, exploration, storytelling, dice rolling	7.4	Build your newly founded village above while exploring the caves and stories below.	
AEG Black Box : Guildhall, Maximum Throwdown: Overload, Seventh Hero,Trains	2-6	3	2.5/5	20-45 min	12+	Family, Strategy, Hand Management, Action/Dexterity, bluffing, deduction, Deck, Bag, and Pool Building, Network and Route Building,	7	Of the games included, two are variant editions set in some of AEG's RPG / Expandable Card Game settings, one was previously unreleased, and the biggest game was unaltered: Guildhall - (variant: Seven Seas theme), Maximum Throwdown: Overload (a previously unreleased standalone expansion for Maximum Throwdown), Seventh Hero (variant: Doomtown theme), Trains (unchanged)	
Agricola: All Creatures Big and Small Big Box									
Alchemists									
Alhambra	2-5	3	2.10/5	45-60 min	8+	Family, Strategy, Tile Placement	7	Compete to build the most valuable picturesque walled city in 13th-century Granada.	
Almost Innocent									
Android Mainframe	2-4	2	1.84/5	15-30 min	12+	Abstract Strategy, Open Drafting, Enclosure	6.6	Enter the system, control as many regions of data as you can, and emerge victorious. 	
Android Netrunner the card game	2	2	3.41/5	45 min	14+	Customizable, Bluffing, Deck Building	7.9	Megacorporation versus Netrunner in this futuristic cyberpunk game of cat and mouse.	
Anomia	3-6+	5	1.04/5	30 min	10+	Party Game, Pattern Recognition, Word Game	6.7	Card matching with words on the tip of your tongue...	
Anomia - Party Edition	3-6+	5-6	1.02/5	30 min	10+	Party Game, Pattern Recognition, Word Game	7.1	Adds 6 new decks to the Anomia card game family.	
Apiary									
Architects of the West Kingdom	1-5	4	2.76/5	60-80 min	12+	Strategy, City Building, Worker Placement	7.7	Will you be a virtuous or nefarious servant of the king? Build your way to glory.	
Arctic Scavengers	2-5	4	2.26/5	45-60 min	12+	Strategy, Bluffing, Deck/Bag/Pool Building	6.8	Fight, gamble and bluff in this desperate struggle for diminishing resources.	
Arctic Scavengers - Recon Expansion	1-5	3-4	2.29/5	30-60 min	13+	Strategy, Bluffing, Deck/Bag/Pool Building	7.1	This expansion adds new tribe leader roles, new mercenaries, new equipment, and new levels of player interaction (i.e., new ways to make your opponents feel pain).	
Ascension	1-4	2	2.14/5	30 min	13+	Strategy, Deck Building, Open drafting	7	Forge your deck with mighty heroes and constructs to claim the most honor.	
Ascension War of Shadows									
Asmo Play (RPG one shots)									
Assault of the Giants	3-6	4-5	3.42/5	60-150 min	14+	Strategy, Action Retrival, Dice rolling, Open Drafting	6.7	Diverse giant tribes compete to complete unique goals by chaining card actions. 	
Babylonia									
Bananagrams	1-8	3-5	1.30/5	15 min	7+	Family, Word Game, tile placement, spelling	6.4	Race to arrange your letter tiles into a crossword before anyone else.	
Bandida									
Bang - The Dice Game	3-8	6-7	1.28/5	15 min	8+	Party, Bluffing, Deduction, Hidden Roles, Push Your Luck	6.9	A wild west elimination dice game with secret teams. 	
Bang!									
Barenpark	2-4	4	1.66/5	30-45 min	8+	Family, Tile Placement, Set Collection, Open Drafting	7.3	Build a bear park on personal boards by carefully placing polyominoes.	
Betrayal at Baldur's Gate	3-6	5	2.58/5	60 min	12+	Thematic, Storytelling, Traitor, Team-Based, Modular Board	7.1	Explore the city, discover its mystery, and face the traitor amongst yourselves....	
Betrayal at house on the hill Widow's Walk expansion	3-6	4-6	2.8/5	60 min	12+	Thematic, Storytelling, Traitor, Team-Based, Modular Board	7.5	Expands Betrayal at House on the Hill by adding the roof level, and 50 new haunts.	
Betrayal at House on the Hill- 2nd Edition	3-6	5-6	2.4/5	60 min	12+	Thematic, Storytelling, Traitor, Team-Based, Modular Board	7	Explore a haunted house as a team ... until one of you turns against the rest.	
Bitoku 									
Black Mirror									
Blokus	2-4	4	1.74/5	20 min	7+	Abstract, Tile Placement, Grid Coverage	6.9	Fit your tiles on a shared board with not enough space for everyone.	
Blokus									
Bloodborne the card game	3-5	4-5	2.06/5	30-45 min	14+	Thematic, Hand Managemnet, Push your luck, Semi-Cooperative	6.9	The hunt is on! Take on nightmarish fiends and collect the most blood echoes.	
Bob Ross Art of Chill Game									
Brew									
Brigands									
Calico	1-4	2	2.18/5	30-45 min	10+	Abstract, Family, Tile Placement, Pattern Building	7.5	Sew a quilt, collect buttons, attract cats! 	
Call of Cthulhu the Card Game	2	2	2.89/5	30 min	13+	Strategy, Deck/Bag/Pool Building, Open Drafting, Customizable	6.9	Succeed at stories by facing down your opponent with your custom deck.	
Call to Adventure	1-4	3	2.01/5	30-60 min	13+	Thematic, Storytelling, Dice Rolling, Deck/Bag/Pool Building, Set Collecting	7.1	Hero or Foe? You decide in this tile chucking, character building game. 	
Call to Adventure - The Name of the Wind	2-4	2	2.43/5	30-60 min	13+	Thematic, Storytelling, Dice Rolling, Deck/Bag/Pool Building, Set Collecting	7.2	A 75-card expansion based on The Kingkiller Chronicle by Patrick Rothfuss.	
Call to Adventure - The Stormlight Archive	1-4	3	1.95/5	30-60 min	13+	Thematic, Storytelling, Dice Rolling, Deck/Bag/Pool Building, Set Collecting	7	Craft a hero's story in Roshar, and remember, journey before destination.	
Camel Up	3-8	5-6	1.5/5	30-45 min	8+	Party, Family, Betting and Bluffing, Dice Rolling	7.6	Place your bets and bend the odds in this crazy camel-stacking race!	
Camel Up off Season									
Can't Catch Harry									
Canasta Caliente Card Game									
Captain Sonar	2-8	8	2.19/5	45-60 min	14+	Party, Thematic, Deduction, Hidden Movement, Team-Based, Simulation	7.5	Torpedoes away! Hunt for your opponent's sub in this exciting, real-time team game. 	
Carcassonne	2-5	2	1.89/5	30-45 min	7+	Family, Terretory building, Tile Placement, Enclosure	7.4	Shape the medieval landscape of France, claiming cities, monasteries and farms.	
Cartographers	1-100	3-4	1.88/5	30-45 min	10+	Family, Terretory Building, Paper-and-Pencil, Grid Coverage	7.6	Explore lands on behalf of the queen and draw the most proficient maps to earn favor.	
Cascadia (Core Game) 									
Cash'n Guns Second edition	4-8	6-8	1.25/5	30 min	10+	Party, Negotiation, Open Drafting, Player Elimination	6.8	A band of gangsters splits its loot — but guns speak louder than money.	
Castles of Mad King Ludwig									
Cat Lady									
Cat Lady: Box of Treats 									
CATAN - Dice Game									
Catan - With the 5-6 players expansion and Joey's Cards Additions									
Catan: Explorers & Pirates									
Catch the Moon	1-6	3-4	45296.00/5	20 min	6+	Family, Action/Dexterity, Stacking and Balancing	6.8	Reach for the moon in your dream on a precariously balanced stack of ladders.	
Cathedral									
Caverna - The Cave Farmers	1-7	4	3.78/5	30-210 min	12+	Strategy, Tile Placement, Worker Placement, Farming	7.9	From a simple cave, expand your dwarven home through mining, agriculture, and more. 	
Century - A New World 	2-4	3	2.12/5	30-45 min	8+	Family, Strategy, Worker Placement, Set Collections, Action Retrival	7.3	Place workers to find and upgrade resources as the expedition reaches distant shores.	
Century - Eastern Wonders	2-4	4	2.11/5	30-45 min	8+	Family, Set Collection, Contracts, Pick-up and Deliver	7.1	Explore the high seas to establish new spice trading networks among the islands.	
Century Spice Board									
Century Spice Road	2-5	3-4	1.8/5	30-45 min	8+	Family, Auction Retrival, Deck/Bag/Pool Building, Engine Building	7.3	Grow and trade spices and use them to gain estate.	
Century Spice Road Playmat									
Cheese Factory 									
Chess Set/backamon/checkers 	2	2	3.65/5	--	6+	Abstract strategy, Grid Movement, Pattern Movement	7.2	Checkmate your opponent in this timeless abstract. 	
Chronicles of Avel									
Citadels									
Clank in Space!	2-4	3	2.58/5	45-90	12+	Family, Strategy, Deck/Bag/Pool Building, Push Your Luck 	7.8	Tiptoe your way through Lord Eradikus' spaceship to nab artifacts and an escape pod.	
Clue the card game									
Codenames	2-8	6,8	1.26/5	15 min	14+	Party, Team-Based Game, Push Your Luck, Deduction	7.5	Give your team clever one-word clues to help them spot their agents in the field.	
Codenames BIG Box									
Codenames Duet									
Codenames Pictures									
Codenames Pictures									
Cosmic Encounter									
Council of Verona									
Coup									
Coup									
Coup Rebellion									
Cranium									
Crossing the Woods									
Custom Heroes									
Custom Heroes									
Cutthroat Caverns									
Cuzco									
D&D Player's Handbook									
Dark Red Flags									
Daybreak									
Deception - Murder in Hong Kong									
Deckscape: THe Mystery of El Dorado									
Desperados of dice Town									
Devs									
Dice Forge									
Die Hard - The Nakatomi Heist Board Game									
Dios Mio: Base Pack									
Diplomacy									
Disney Side Kicks									
Disney Villainous									
Disney Villainous Despicable Plots									
Disney Villainous:Perfectly Wretched 									
Dixit									
Dninosaur Island Rawr'n Write									
Dominion									
Dominion Adventures									
Don't Break the Ice									
Don't Break the Ice									
Doomtown - Reloaded									
Dragon Castle									
Dragon Fire									
Drinking Games for People Who Never Drink									
Drinking Quest: Belch of the Wild 									
Dune House Secrets									
Dungeon									
Dungeon Degenerates: Hand of Doom	1-4	1-2	3.64/5	30-360 min	10+	Thematic, Cooperative, Scenarion/Mission/Campaign Game, Exploration	8.1	The dark & dirty game of swords, sausages & sorcery	
Dungeon Roll									
Edge of Darkness									
Eldritch Horror									
Eldritch Horror									
Eminent Domain									
Everdell Farshore									
Exploting Minions									
Fairy Ring									
Family Feud Disney									
Faraway									
FitzIt If the Word Fits Play It									
Five Tribes - The Djinns of Naqala									
Flamecraft									
Flash Point									
Flick'em Up!									
Forbidden Desert									
Forbidden Island									
Fort (Core Game) 									
Funemployed									
Fury of Dracula 									
Fuse									
Galaxy Trucker									
Gipf									
Golfing Dead									
Good Cop Bad Cop									
Gravwell - Escape from the 9th dimension									
Great Western Trail									
Hanabi									
Harbour									
Home Sweet Home...Or Not 									
Ice Cool									
Ierusalem: Anno Domini 									
Imhotep									
Inis									
Innovation									
Instabul									
Isle of Skye									
Jaipur									
King of Tokyo									
King of Tokyo Monster Pcka									
Kingdominio									
Koryo									
Lacrimosa 									
Ladies & Gentlemen									
Lagoon Land of Druids									
Last Night on Earth									
Last Night on Earth - Growing Hunger Expansion									
Legacy of Dragonholt									
Legend of the Five Rings - The Card game									
Legendary Encounters - A firefly DBG									
Let's Go To Japan! 									
Letters from Whitechapel									
Libertalia									
Lifeboat									
Literary Charades									
Llamas Unleashed 									
Love Letter									
Machi Koro									
Machi Koro - Bright Lights, Big City									
Mafia de Cuba									
Mage Wars									
Magic Maze									
Mancala									
Mansion of Madness									
Mars Needs Mechanics									
Master of Orion The board Game									
Meadow									
MicroMacro Crime City									
Mille Bornes - The Classic Racing Game									
Million Dollars But...									
Mind Mgmt									
Mind Space									
MOA 									
Mountains of Madness									
Munchkin									
Munchkin Apocalypse									
Munchkin Deluxe									
Mysterium									
Mystic Vale									
Nemo's War									
New Angels									
Noisy Person Cards									
Oh Captain!									
One Deck Dungeon Forest of Shadows 									
One Night Revolution									
One Night Ultimate Werewolf									
Onitamo									
Ooga Booga									
Ora & Labora 									
Order of the Stick Adventure Game: The Dungeon of Durokan, Deluxe Edition (Original Game w/ exp.) 									
Pandemic									
Pandemic - Rapid Response Expansion									
Pandemic - The Cure 									
Pandmic Hot Zone North America									
Pandmic: On the Brink expansion									
Paris: La Cite De La Lumiere (Core Game) 									
Patchwork Doodle									
Phase 10									
Playing Cards x 4									
Potion Explosion									
Potion Explotion									
Punderdome									
Quacks of Quedlinburg									
Quantum									
Quarto									
Queen's Necklace									
Queendomino									
Quiddler: The Word Game									
Quirkle									
Racoon Tycoon                                                                                                                                                                                                                									
Ramen Fury									
Re Flags									
Really Loud Librarians									
Red Flags									
Red Flags - Dark expansion									
Red November									
Red Rising standard version									
REM Racers (Core Game)									
Res Arcana									
Res Arcana									
Revive									
Rhino Hero Super Battle									
Ring of Chaos 									
Rise of Empires 									
Rivals for Catan									
Roll for Adventure									
Roll for the Galaxy									
Roll Player									
Rolling Freight (Core Game) 									
Rolling Realms Redux									
Root									
Rory's Story Cubes (Box)									
Runes & Regulations									
Saboteur									
Sagrada									
San Juan									
Say Anything									
Scooby-Doo! Betrayal at Mystery Mansion									
Scythe									
Sequence									
Set									
Shadows over Camelot									
Sherlock Holmes - Consulting detective									
Shuffle Grand Prix									
Skull									
Smallworld									
Smallworld - Realms									
Smallworld - Underground									
Smitten									
Smyle - Lie Through Your Teeth 									
Space Alert									
Speedy Words									
Splendor									
Spot it Jr Animals									
Spot it!									
Spouse-ology									
Star Realms									
Steam Park									
Steampunk Rally Fusion									
Stranger Things Eggo Card Game									
Stygian Society (Core Game)									
Suburbia									
Suelta La Sopa									
Summer Camp									
Survivor Game									
Sushi Go Party!									
T.I.M.E. Sotries 									
T.I.M.E. Sotries - The Marcy Case Scenario									
T.I.M.E. Stories: Under the Mask									
Tak									
Takenoko									
Talisman Kingdom Hearts									
Tapestry									
Terra Mystica									
Terraforming Mars									
Terror in Meeple City									
That Escalated Quickly									
The Animals of Baker Street									
The Crew: Mission Deep Sea									
The Crew: The quest for planet nine									
The Dragon & Flagon									
The Duke: Lords Legacy Edition 									
The Fuzies									
The Great Dinosaur Rush 									
The Grizzled									
The Last Garden									
The Lord of the Rings the Card Game									
The Lord of the Rings: Duel for Middle-Earth									
The Mind									
The Quacks of Quedlinburg									
The Queer Agenda: Base Pack									
The Red Cathedral (Core Game) 									
The Red Dragon Inn									
The Resistance									
The Thing 									
The Towers of Arkhanos									
The Walking Dead Board Game									
The Werewolves of Miller's Hollow									
Ticket to Ride									
Ticket to Ride - Europe									
Tigris & Euphrates									
Tikal									
Tiny Epic Defenders									
Tiny Epic Defenders									
Tiny Epic Galaxies									
Tiny Epic Galaxies Beyonf the Black									
Tiny Epic Kingdoms									
TIny Epic Kingdoms									
Tiny Epic Kingdoms: Heroes Call									
Tiny Epic Mechs									
Tiny Epic Pirates									
Tiny Epic Tactics									
Tiny Epic Tactics Maps expansion									
Tiny Epic Vikings									
Tiny Epic Western									
Tiny Epic Zombies									
Tiny Towns									
Tokaido									
Tokaido: Namiji									
Tokyo Highway									
Trails									
Trick or Treat									
Tricks & Treats the Card Game									
Tsuro- The Game of the path									
Tsuro- The Game of the path									
Tumble Town									
Two Rooms and a Boom									
Ultra Tiny Epic Galaxies									
Ultra Tiny Epic Kingdoms									
Under My Bed									
Undergrove 									
Unlock - Formula									
Unlock - Squeek & Sausage									
Unlock - The island of Doctor Goorse									
Unlock! Mythic Adventures									
Unlock! Starwars									
Urbania									
Vast: The Crystal Caverns									
War Of The Ring: The Card Game 									
Warp's Edge									
Watch Out Beetlejuice									
Watson & Holmes									
wavelength									
Welcome Back to the Dungeon									
Welcome to the Dungeon									
Welcome To...Your perfect home									
Werewords: The Hidden Identity Word Game									
When I Dream									
Wingspan									
Winter Kingdom									
Witness	4	4	1.48/5	15 min	13+	Party, Deduction, Cooperative, Murder/Mystery	7.2	Whisper your clues to fellow agents and solve 64 unique cases.	
Wits & Wagers Party Edition									
Word Whimsy									
World Monuments									
Xcom the Board Game									
Jenga									
Sorry									
Rook Card Game									
Drop Trivia Pursuit									
Qwirkle Color Blind Ed.									
Dinosour Escape									
Marvel Villanous Infinite Power									
War of the Ring: The Card Game									
Processing: A Game of Serving Humanity									
Connect 4 Grid									
Cauldron Quest									
Black Hole Buccanneers									
Final Fantasy Chocobo's Dungeon: The Board Game									
D&D The Yawning Portal Board Game									
Princes of FLorence									
Stir Fry Eighteen									
Cities 									
The Color Monster 									
Shadows Of Brimstone: Gates of Valhalla									
Arcs (Core Game)									
Godtear: Eternal Glade Starter Set									
Botany (Core Game) 									
Mind the Gap									
Helsinki: Deluxe									
Rune Stones									
Nekojima									
Battleship Classic									
Pay Day Classic Edition									
Sky Team 									
Horrified: American Monsters 									
Amun-Re 20th Anniversary Edition									
Tortuga 2199									
Amritsar The Golden Temple									
Anachrony: Essential Edition									
Ankh: Gods of Egypt									
Bandido									
Beyond the Sun									
Black Forest									
Break The Cube									
Castles by the Sea									
Celtae									
Cerebria: The Inside World									
Coffee Rush									
Colt Express: 10th Ann. Ed Big Box									
Dead of Winter									
Deadly Dinner: Killing Woodstock									
Defenders of the Wild									
Destinies									
Dodo									
Draftosaurus									
Dumb Ways To Die									
Earth									
Evenfall									
From The Moon									
Galileo Project									
Game of Life									
Genotype: A Mendelian Genetics Game									
Harvest Hoppers									
Hegemony: Lead Your Class to Victory									
HeroQuest									
Hibachi									
Hickory Dickory									
HIT									
Homebrewers									
I'm a Poet (and yes, I know it)									
Iberian Gauge									
In the Palm of Your Hand									
Islebound: Emerald Edition									
Kingdom Builder									
King of Tokyo: Duel									
Kingdom Rush: Rift in Time									
Lewis & Clark: The Expedition 2E									
Lost Ruins of Arnak									
Lucha Wars									
Milkman									
Monikers									
My Lil' Everdell									
Mycelia									
Mycelia									
Mysterium Kids									
Nunatak: Temple of Ice									
Obscurio									
Octopie									
Oros									
Overboss Duel									
Paper Dungeons									
Pete the Cat: Groovy Buttons Game									
Pentris									
Quacks & Co									
Race to the Ark									
Rats of Wistar									
ReMEmber									
Rivages									
Rummikub									
Rush MD									
Sacred Valley									
Scooby-Doo: The Board Game									
Shut The Box 4 Way Play									
Skulk Hollow									
Skull Canyon: Ski Fest   									
Skyrise									
Snip Snap!									
Sonora									
SpellBook									
Splendor Duel									
Stampfarm									
Star Tycoon									
Stone Age									
Stringamajig									
Terminus									
The Fog									
The Great Split									
The Initiative									
The Same Game									
The Taverns of Tiefenthal									
Thera									
Thorgal: The Board Game									
Ticket to Ride: First Journey									
Tidal Blades: Banner Festival									
Tiwanaku									
Topple									
Trivial Pursuit Family Edition									
Tzolk'in: The Mayan Calendar									
Under Falling Skies									
Vivarium									
Voidfall									
War of Civilizations									
Wild Gardens									
Wild Tiled West									
Woodcraft									
Wordoku									
World Wonders									
Yokohama									
Zombicide 2E									
Your Friend is Sad									